metric,value
pixel_accuracy,0.9285177273220481
macro_f1_selected_classes,0.7181268023303548

class_name,TP,FP,FN,precision,recall,f1
Eagle,65098,28632,154568,0.694526832390836,0.29634991304979846,0.4154360575311881
Laptop,1263086,278745,108427,0.8192117034876013,0.9209435127483231,0.867103914087402
Dog,2706514,126673,669036,0.9552895731908945,0.8017994104664402,0.8718404353724741
